modelo,accuracy,precision_macro,recall_macro,f1_macro
ArbolDecision,0.7712177121771218,0.7627572785434565,0.7602812499550776,0.7587957177301675
MLP,0.7306273062730627,0.7212210187639799,0.7178737821466268,0.7170670460443614
NaiveBayes,0.45202952029520294,0.437962193304288,0.4222996477849979,0.4280772828309937
kNN,0.4225092250922509,0.46959260046994006,0.4062656826769278,0.4167845756104081
