feature,estadistico,p_value
centralidad_grado,45.37787988843889,3.9368880569852786e-08
centralidad_betweenness,24.20839875448412,0.0004781077022335542
coeficiente_clustering,29.828402197673146,4.2373650141106494e-05
